Pages les plus populaires,Clics,Impressions,CTR,Position
https://urgencemedicale.ma/certificat-medical,0,20,0%,10.3
https://urgencemedicale.ma/ambulance,0,10,0%,27.8
https://urgencemedicale.ma/,0,10,0%,36
https://urgencemedicale.ma/ecg-domicile,0,9,0%,12.56
https://urgencemedicale.ma/en,0,9,0%,45.78
https://urgencemedicale.ma/evacuation-sanitaire,0,8,0%,14.12
https://urgencemedicale.ma/suivi-post-hospitalisation,0,7,0%,8.43
https://urgencemedicale.ma/medecin-a-domicile/casablanca/derb-sultan,0,7,0%,39.43
https://urgencemedicale.ma/medecin-a-domicile/casablanca/gauthier,0,6,0%,17.17
http://urgencemedicale.ma/contact,0,6,0%,33
https://urgencemedicale.ma/medecin-a-domicile/casablanca/ain-chock,0,6,0%,38.67
http://urgencemedicale.ma/geriatre-a-domicile/casablanca,0,5,0%,12.6
https://urgencemedicale.ma/medecin-a-domicile/casablanca/roches-noires,0,5,0%,23.2
https://urgencemedicale.ma/suivi-medical-personnalise,0,4,0%,7
https://urgencemedicale.ma/transport-medicalise,0,4,0%,7.75
https://urgencemedicale.ma/medecin-a-domicile/casablanca/bernoussi,0,4,0%,20.5
https://urgencemedicale.ma/medecin-a-domicile/casablanca/bourgogne,0,4,0%,20.5
https://urgencemedicale.ma/geriatre-a-domicile,0,4,0%,26
https://urgencemedicale.ma/medecin-a-domicile/casablanca/ain-diab,0,4,0%,33.75
https://urgencemedicale.ma/medecin-a-domicile/casablanca/hay-hassani,0,4,0%,36.5
http://urgencemedicale.ma/pediatre-a-domicile,0,3,0%,14
https://urgencemedicale.ma/prise-de-sang-domicile,0,3,0%,15.33
https://urgencemedicale.ma/generaliste-a-domicile/rabat,0,3,0%,17
https://urgencemedicale.ma/medecin-a-domicile/casablanca/belvedere,0,3,0%,21.67
https://urgencemedicale.ma/medecin-de-garde,0,3,0%,30.67
https://urgencemedicale.ma/medecin-a-domicile/casablanca/ain-sebaa,0,3,0%,47.67
http://urgencemedicale.ma/a-propos,0,2,0%,6
https://urgencemedicale.ma/ar,0,2,0%,7.5
http://urgencemedicale.ma/urgentiste-a-domicile,0,2,0%,8
https://urgencemedicale.ma/contre-visite-medicale,0,2,0%,9.5
https://urgencemedicale.ma/fievre-enfant-nuit,0,2,0%,10
http://urgencemedicale.ma/soins-infirmiers-a-domicile,0,2,0%,15.5
https://urgencemedicale.ma/medecin-a-domicile/bouskoura,0,2,0%,18.5
https://urgencemedicale.ma/medecin-a-domicile/mohammedia,0,2,0%,18.5
http://urgencemedicale.ma/cardiologue-a-domicile/rabat,0,2,0%,24
https://urgencemedicale.ma/medecin-a-domicile/casablanca/beausejour,0,2,0%,28.5
https://urgencemedicale.ma/medecin-a-domicile/casablanca/sidi-maarouf,0,2,0%,29
http://urgencemedicale.ma/medecin-a-domicile/casablanca/cil,0,2,0%,34.5
https://urgencemedicale.ma/medecin-a-domicile/casablanca/racine,0,2,0%,35.5
https://urgencemedicale.ma/fievre-enfant-nuit/dar-bouazza,0,2,0%,43.5
https://urgencemedicale.ma/ecg-domicile/rabat,0,2,0%,44
http://urgencemedicale.ma/medecin-a-domicile/casablanca/val-fleuri,0,2,0%,48
http://urgencemedicale.ma/ambulance,0,2,0%,97
http://urgencemedicale.ma/geriatre-a-domicile,0,1,0%,2
https://urgencemedicale.ma/a-propos,0,1,0%,7
http://urgencemedicale.ma/medecin-a-domicile/casablanca,0,1,0%,19
https://urgencemedicale.ma/medecin-a-domicile/rabat,0,1,0%,24
https://urgencemedicale.ma/soins-infirmiers-a-domicile,0,1,0%,27
http://urgencemedicale.ma/geriatre-a-domicile/rabat,0,1,0%,29
https://urgencemedicale.ma/medecin-de-garde/rabat,0,1,0%,31
https://urgencemedicale.ma/fievre-enfant-nuit/bouskoura,0,1,0%,32
https://urgencemedicale.ma/pediatre-a-domicile/casablanca,0,1,0%,33
https://urgencemedicale.ma/medecin-a-domicile/casablanca,0,1,0%,34
https://urgencemedicale.ma/medecin-a-domicile/dar-bouazza,0,1,0%,37
https://urgencemedicale.ma/medecin-a-domicile/casablanca/californie,0,1,0%,38
https://urgencemedicale.ma/medecin-a-domicile/casablanca/oasis,0,1,0%,44
https://urgencemedicale.ma/medecin-a-domicile/casablanca/maarif,0,1,0%,45
http://urgencemedicale.ma/medecin-a-domicile/casablanca/sidi-maarouf,0,1,0%,47