Requêtes les plus fréquentes,Clics,Impressions,CTR,Position
urgence medicale,0,4,0%,3.25
ou faire un certificat médical,0,3,0%,6
évacuation sanitaire,0,3,0%,9
évacuation médicale d'urgence,0,3,0%,48.67
urgence ambulance,0,3,0%,93
call doctor at home,0,2,0%,6.5
urgent care near me that accept walk ins,0,2,0%,6.5
certificat d'hospitalisation,0,2,0%,8
pediatre a domicile,0,2,0%,41.5
medecin de garde,0,2,0%,58.5
dr at doorstep surat,0,2,0%,66
urgences à proximité,0,2,0%,78
urgences medicale,0,2,0%,80.5
docteur garde,0,2,0%,83
urgences medecins,0,2,0%,89.5
certificat hospitalisation,0,1,0%,6
certificat medicale,0,1,0%,6
urgent care near me open now,0,1,0%,7
casablanca accident,0,1,0%,8
certificat medical prix,0,1,0%,8
certificat médical sans consultation,0,1,0%,8
suivi medical,0,1,0%,8
medecin beausejour,0,1,0%,9
evacuation sanitaire,0,1,0%,10
generaliste ain chock,0,1,0%,10
gériatrie à domicile,0,1,0%,10
medecin geriatre a domicile,0,1,0%,10
certificat medical,0,1,0%,22
visite medicale a domicile,0,1,0%,33
transport ambulance,0,1,0%,44
transport patient,0,1,0%,46
medical transport,0,1,0%,50
ambulance casablanca ain sebaa,0,1,0%,54
consultation médicale à domicile,0,1,0%,54
docteur de garde,0,1,0%,55
medecin a domicile,0,1,0%,56
ambulance privée prix,0,1,0%,63
prix ambulance,0,1,0%,71
prix d'une ambulance,0,1,0%,73
24 hours doctor,0,1,0%,76
urgencoa,0,1,0%,77
medecin week end,0,1,0%,78
transport de malade,0,1,0%,82
transport médicalisé,0,1,0%,82
urgences médicales casablanca,0,1,0%,84
patient ambulance service,0,1,0%,87
ambulance urgence,0,1,0%,88
urgences casablanca,0,1,0%,91
medecin domicile urgence,0,1,0%,93
taxi médicalisé,0,1,0%,94
transport sanitaire,0,1,0%,97
ambulance,0,1,0%,98
telemedicine clinic near me,0,1,0%,98