Top queries,Clicks,Impressions,CTR,Position
urgent care near me open now,0,10,0%,6.6
médecins de garde,0,10,0%,60.9
médecin durgence,0,10,0%,79.3
urgence medicale,0,8,0%,2.88
urgent care near me that accept walk ins,0,8,0%,8.12
médecin généraliste de garde,0,8,0%,59.88
urgent care near me,0,7,0%,7.14
medecin generaliste belvedere,0,7,0%,9.29
medecin urgentiste,0,7,0%,33
generaliste ain chock,0,6,0%,9.17
docteur garde,0,6,0%,68.5
certificat de convalescence,0,5,0%,5
ou faire un certificat médical,0,5,0%,7
generaliste belvedere,0,5,0%,9.8
médecin généraliste belvedere casablanca,0,5,0%,10.4
pediatre a domicile,0,5,0%,37.8
certificat hospitalisation,0,4,0%,6.5
suivi médical,0,4,0%,7.75
medecin d urgence,0,4,0%,9
évacuation sanitaire,0,4,0%,13.5
medecin a domicile,0,4,0%,23.5
urgences medecins,0,4,0%,78.75
médecin de garde à domicile,0,4,0%,80.75
urgence ambulance,0,4,0%,88.25
call doctor at home,0,3,0%,6.67
medecin de garde autour de moi,0,3,0%,8
"medecin près de ain diab, casablanca",0,3,0%,10.33
medecine urgence,0,3,0%,11
evacuation sanitaire maroc,0,3,0%,20.33
ambulance médicalisée casablanca,0,3,0%,36.67
évacuation médicale d'urgence,0,3,0%,48.67
medecin de garde,0,3,0%,55.33
urgences médicales casablanca,0,3,0%,59.33
urgences à proximité,0,3,0%,77.67
ambulance urgence,0,3,0%,78
consultation à domicile prix,0,2,0%,5
cardiologue sans rdv,0,2,0%,7
certificat médical sans consultation,0,2,0%,7
gériatrie à domicile,0,2,0%,7.5
certificat d'hospitalisation,0,2,0%,8
medecin geriatre a domicile,0,2,0%,8.5
ou faire un ecg,0,2,0%,8.5
soins infirmiers à domicile,0,2,0%,8.5
generaliste hay hassani,0,2,0%,9
evacuation sanitaire,0,2,0%,11
general doctor near me,0,2,0%,11
une ambulance,0,2,0%,12
ecg pour les médecins généralistes en visites à domicile,0,2,0%,15.5
oxygénothérapie à domicile,0,2,0%,18.5
médecin généraliste dar bouazza,0,2,0%,20
docteur de garde,0,2,0%,46
transport ambulance,0,2,0%,56
medecin a domicile rabat,0,2,0%,58
medical transport,0,2,0%,59
médecin généraliste d'urgence,0,2,0%,61
ambulance privée prix,0,2,0%,62
dr at doorstep surat,0,2,0%,66
prix ambulance,0,2,0%,70
prix d'une ambulance,0,2,0%,70.5
transport médicalisé,0,2,0%,73.5
transport de malade,0,2,0%,74.5
sos pediatre,0,2,0%,77
urgences medicale,0,2,0%,80.5
medecin domicile urgence,0,2,0%,89
ambulance,0,2,0%,90
urgences casablanca,0,2,0%,90.5
prise de sang,0,1,0%,4
urgences médicales,0,1,0%,4
urgence médicale,0,1,0%,5
certificat medicale,0,1,0%,6
médecin a domicile,0,1,0%,6
casablanca accident,0,1,0%,8
certificat medical prix,0,1,0%,8
medecin gauthier,0,1,0%,8
medecin nuit,0,1,0%,8
suivi medical,0,1,0%,8
suivi medicale,0,1,0%,8
billet medical,0,1,0%,9
medecin beausejour,0,1,0%,9
oxygenotherapie domicile,0,1,0%,9
docteur bourgogne,0,1,0%,10
hopital garde,0,1,0%,10
medecin pour certificat medical,0,1,0%,10
médecin certificat médical,0,1,0%,10
"medecin a domicile près de ain diab, casablanca",0,1,0%,11
medecin urgence,0,1,0%,11
médecin généraliste ain chock,0,1,0%,11
suivi médicale,0,1,0%,11
urgences autour de moi,0,1,0%,11
consultation urgente,0,1,0%,12
emergency clinic,0,1,0%,12
generaliste bourgogne,0,1,0%,12
medecin generaliste beausejour,0,1,0%,12
عنوان دكتوره,0,1,0%,12
médecin généraliste bourgogne casablanca,0,1,0%,16
generaliste ain sebaa,0,1,0%,17
certificat medical,0,1,0%,22
generaliste dar bouazza,0,1,0%,23
medecin à domicile,0,1,0%,23
généraliste sidi maarouf,0,1,0%,24
generaliste sidi maarouf,0,1,0%,26
évacuation médicale en arabe,0,1,0%,28
medecin generaliste sidi maarouf,0,1,0%,29
médecin de garde,0,1,0%,32
visite medicale a domicile,0,1,0%,33
ambulance ain sebaa,0,1,0%,34
service urgence,0,1,0%,41
gériatre casablanca,0,1,0%,42
transport patient,0,1,0%,46
ambulance casablanca ain sebaa,0,1,0%,54
consultation médicale à domicile,0,1,0%,54
contre-visite medicale,0,1,0%,56
urgence a domicile rabat,0,1,0%,60
ambulance dar bouazza,0,1,0%,61
service ambulance,0,1,0%,63
infirmier à domicile casablanca,0,1,0%,64
services ambulance,0,1,0%,66
99 12,0,1,0%,75
24 hours doctor,0,1,0%,76
urgencoa,0,1,0%,77
medecin week end,0,1,0%,78
ambulance urgent,0,1,0%,83
controle medicale,0,1,0%,84
urgence pediatrique,0,1,0%,85
patient ambulance service,0,1,0%,87
taxi médicalisé,0,1,0%,94
transport sanitaire,0,1,0%,97
telemedicine clinic near me,0,1,0%,98
urgence autour de moi,0,1,0%,99