Top pages,Clicks,Impressions,CTR,Position
https://urgencemedicale.ma/certificat-medical,3,197,1.52%,7.51
https://urgencemedicale.ma/ecg-domicile/rabat,2,8,25%,16.5
https://urgencemedicale.ma/,1,115,0.87%,17.23
https://urgencemedicale.ma/tarifs,1,87,1.15%,6.64
https://urgencemedicale.ma/medecin-a-domicile/casablanca/ain-chock,1,45,2.22%,12.33
https://urgencemedicale.ma/medecin-a-domicile/casablanca/bernoussi,1,18,5.56%,11.06
https://urgencemedicale.ma/geriatre-a-domicile/casablanca,1,6,16.67%,7
https://urgencemedicale.ma/cardiologue-a-domicile/rabat,1,5,20%,6.6
https://urgencemedicale.ma/medecin-a-domicile/casablanca,1,4,25%,12
https://urgencemedicale.ma/soins-infirmiers-a-domicile/casablanca,1,2,50%,9.5
https://urgencemedicale.ma/ambulance,0,95,0%,35.22
https://urgencemedicale.ma/medecin-a-domicile/casablanca/belvedere,0,84,0%,10.15
https://urgencemedicale.ma/en,0,54,0%,13.98
https://urgencemedicale.ma/evacuation-sanitaire,0,49,0%,12.8
https://urgencemedicale.ma/transport-medicalise,0,41,0%,20.02
https://urgencemedicale.ma/medecin-a-domicile/bouskoura,0,40,0%,8.4
https://urgencemedicale.ma/suivi-medical-personnalise,0,36,0%,6.33
https://urgencemedicale.ma/ecg-domicile,0,35,0%,8.89
https://urgencemedicale.ma/medecin-a-domicile/casablanca/bourgogne,0,34,0%,11.5
https://urgencemedicale.ma/contact,0,32,0%,49.53
https://urgencemedicale.ma/medecin-de-garde,0,29,0%,36.48
https://urgencemedicale.ma/medecin-a-domicile/casablanca/derb-sultan,0,28,0%,17.07
https://urgencemedicale.ma/medecin-a-domicile/casablanca/hay-hassani,0,22,0%,14.27
https://urgencemedicale.ma/medecin-a-domicile/casablanca/roches-noires,0,21,0%,13.1
https://urgencemedicale.ma/contre-visite-medicale,0,20,0%,17.8
https://urgencemedicale.ma/medecin-a-domicile/casablanca/val-fleuri,0,19,0%,8.53
https://urgencemedicale.ma/medecin-a-domicile/casablanca/oasis,0,18,0%,15.33
https://urgencemedicale.ma/medecin-a-domicile/dar-bouazza,0,18,0%,21.78
https://urgencemedicale.ma/ar,0,17,0%,8.53
https://urgencemedicale.ma/medecin-a-domicile/casablanca/beausejour,0,17,0%,25.94
https://urgencemedicale.ma/a-propos,0,16,0%,64.5
https://urgencemedicale.ma/suivi-post-hospitalisation,0,15,0%,7.8
https://urgencemedicale.ma/medecin-a-domicile/casablanca/ain-diab,0,15,0%,15.53
http://urgencemedicale.ma/contact,0,15,0%,27.47
https://urgencemedicale.ma/medecin-a-domicile/casablanca/gauthier,0,14,0%,12.79
https://urgencemedicale.ma/medecin-a-domicile/casablanca/ain-sebaa,0,14,0%,22.07
https://urgencemedicale.ma/medecin-a-domicile/casablanca/sidi-maarouf,0,13,0%,20.38
https://urgencemedicale.ma/medecin-a-domicile/casablanca/racine,0,11,0%,14.18
https://urgencemedicale.ma/pediatre-a-domicile/casablanca,0,11,0%,15.91
https://urgencemedicale.ma/fievre-enfant-nuit,0,8,0%,8.88
https://urgencemedicale.ma/urgentiste-a-domicile,0,8,0%,17.75
https://urgencemedicale.ma/soins-infirmiers-a-domicile,0,7,0%,19.29
https://urgencemedicale.ma/medecin-a-domicile/casablanca/maarif,0,7,0%,21.29
https://urgencemedicale.ma/geriatre-a-domicile,0,7,0%,23.14
https://urgencemedicale.ma/medecin-de-garde/rabat,0,7,0%,69.71
https://urgencemedicale.ma/urgentiste-a-domicile/casablanca,0,6,0%,10.5
https://urgencemedicale.ma/pediatre-a-domicile/rabat,0,6,0%,12
https://urgencemedicale.ma/medecin-a-domicile/mohammedia,0,6,0%,13.5
https://urgencemedicale.ma/medecin-a-domicile/casablanca/californie,0,6,0%,15
https://urgencemedicale.ma/prise-de-sang-domicile/rabat,0,5,0%,8
https://urgencemedicale.ma/oxygenotherapie-a-domicile,0,5,0%,10.2
http://urgencemedicale.ma/geriatre-a-domicile/casablanca,0,5,0%,12.6
https://urgencemedicale.ma/prise-de-sang-domicile,0,5,0%,13.4
https://urgencemedicale.ma/ambulance/casablanca,0,5,0%,49
https://urgencemedicale.ma/geriatre-a-domicile/rabat,0,4,0%,6.25
http://urgencemedicale.ma/pediatre-a-domicile,0,4,0%,24
http://urgencemedicale.ma/medecin-a-domicile/casablanca/val-fleuri,0,4,0%,30
https://urgencemedicale.ma/medecin-a-domicile/rabat,0,4,0%,50
https://urgencemedicale.ma/pediatre-a-domicile,0,4,0%,73
https://urgencemedicale.ma/cardiologue-a-domicile,0,3,0%,6
https://urgencemedicale.ma/medecin-a-domicile/casablanca/cil,0,3,0%,7.33
https://urgencemedicale.ma/prise-de-sang-domicile/bouskoura,0,3,0%,9
https://urgencemedicale.ma/nos-medecins,0,3,0%,12.33
https://urgencemedicale.ma/generaliste-a-domicile,0,3,0%,12.67
https://urgencemedicale.ma/generaliste-a-domicile/rabat,0,3,0%,17
http://urgencemedicale.ma/a-propos,0,2,0%,6
http://urgencemedicale.ma/urgentiste-a-domicile,0,2,0%,8
http://urgencemedicale.ma/soins-infirmiers-a-domicile,0,2,0%,15.5
https://urgencemedicale.ma/fievre-enfant-nuit/bouskoura,0,2,0%,22
http://urgencemedicale.ma/cardiologue-a-domicile/rabat,0,2,0%,24
http://urgencemedicale.ma/medecin-a-domicile/casablanca/cil,0,2,0%,34.5
https://urgencemedicale.ma/fievre-enfant-nuit/dar-bouazza,0,2,0%,43.5
http://urgencemedicale.ma/ambulance,0,2,0%,97
http://urgencemedicale.ma/geriatre-a-domicile,0,1,0%,2
https://urgencemedicale.ma/fievre-enfant-nuit/casablanca,0,1,0%,4
https://urgencemedicale.ma/fievre-enfant-nuit/rabat,0,1,0%,6
https://urgencemedicale.ma/generaliste-a-domicile/casablanca,0,1,0%,7
http://urgencemedicale.ma/en,0,1,0%,10
https://urgencemedicale.ma/reserver,0,1,0%,11
https://urgencemedicale.ma/ecg-domicile/casablanca,0,1,0%,17
http://urgencemedicale.ma/medecin-a-domicile/casablanca,0,1,0%,19
http://urgencemedicale.ma/geriatre-a-domicile/rabat,0,1,0%,29
http://urgencemedicale.ma/medecin-a-domicile/casablanca/sidi-maarouf,0,1,0%,47