URL,Last crawled
https://urgencemedicale.ma/prise-de-sang-domicile/fes,2026-09-05
https://urgencemedicale.ma/ecg-domicile/fes,2026-09-05
https://urgencemedicale.ma/fievre-enfant-nuit/fes,2026-09-05
https://urgencemedicale.ma/generaliste-a-domicile/agadir,2026-09-05
https://urgencemedicale.ma/fievre-enfant-nuit/tanger,2026-09-05
https://urgencemedicale.ma/fievre-enfant-nuit/el-jadida,2026-09-05
https://urgencemedicale.ma/fievre-enfant-nuit/sale,2026-09-05
https://urgencemedicale.ma/medecin-a-domicile/oujda,2026-09-04
https://urgencemedicale.ma/pediatre-a-domicile/agadir,2026-09-04
https://urgencemedicale.ma/geriatre-a-domicile/marrakech,2026-09-04
https://urgencemedicale.ma/soins-infirmiers-a-domicile/agadir,2026-09-04
https://urgencemedicale.ma/medecin-a-domicile/agadir,2026-09-04
https://urgencemedicale.ma/prise-de-sang-domicile/el-jadida,2026-09-04
https://urgencemedicale.ma/fievre-enfant-nuit/tetouan,2026-09-04
https://urgencemedicale.ma/prise-de-sang-domicile/tanger,2026-09-04
https://urgencemedicale.ma/soins-infirmiers-a-domicile/fes,2026-09-04
https://urgencemedicale.ma/geriatre-a-domicile/fes,2026-09-04
https://urgencemedicale.ma/soins-infirmiers-a-domicile/marrakech,2026-09-04
https://urgencemedicale.ma/generaliste-a-domicile/tanger,2026-09-04
https://urgencemedicale.ma/medecin-a-domicile/fes,2026-09-04
https://urgencemedicale.ma/soins-infirmiers-a-domicile/tanger,2026-09-04
https://urgencemedicale.ma/fievre-enfant-nuit/oujda,2026-09-04
https://urgencemedicale.ma/urgentiste-a-domicile/marrakech,2026-09-04
https://urgencemedicale.ma/prise-de-sang-domicile/kenitra,2026-09-04
https://urgencemedicale.ma/ecg-domicile/temara,2026-09-04
https://urgencemedicale.ma/ecg-domicile/kenitra,2026-09-04
https://urgencemedicale.ma/medecin-a-domicile/tanger,2026-09-04
https://urgencemedicale.ma/medecin-a-domicile/temara,2026-09-04
https://urgencemedicale.ma/urgentiste-a-domicile/fes,2026-09-04
https://urgencemedicale.ma/medecin-a-domicile/kenitra,2026-09-04
https://urgencemedicale.ma/geriatre-a-domicile/tanger,2026-09-03
https://urgencemedicale.ma/ecg-domicile/marrakech,2026-09-03
https://urgencemedicale.ma/medecin-a-domicile/marrakech,2026-09-03
https://urgencemedicale.ma/ecg-domicile/tanger,2026-09-03
https://urgencemedicale.ma/ecg-domicile/oujda,2026-09-03
https://urgencemedicale.ma/fievre-enfant-nuit/marrakech,2026-09-03
https://urgencemedicale.ma/urgentiste-a-domicile/tanger,2026-09-03
https://urgencemedicale.ma/cardiologue-a-domicile/fes,2026-09-03
https://urgencemedicale.ma/prise-de-sang-domicile/agadir,2026-09-03
https://urgencemedicale.ma/pediatre-a-domicile/marrakech,2026-09-03
https://urgencemedicale.ma/prise-de-sang-domicile/oujda,2026-09-03
https://urgencemedicale.ma/fievre-enfant-nuit/kenitra,2026-09-03
https://urgencemedicale.ma/ecg-domicile/tetouan,2026-09-02
https://urgencemedicale.ma/pediatre-a-domicile/fes,2026-09-01